"Name","oss"
"Sakshi",0.38229789101422185
"Pranjali",0.7539763961669368
"Palak",-1.3168038468267629
"Soniya",0.9663641133970602
"Arundhati",-0.7858345537514553
